                  epoch,         train/box_loss,         train/cls_loss,         train/dfl_loss,   metrics/precision(B),      metrics/recall(B),       metrics/mAP50(B),    metrics/mAP50-95(B),           val/box_loss,           val/cls_loss,           val/dfl_loss,                 lr/pg0,                 lr/pg1,                 lr/pg2
                      0,                  1.182,                 2.6131,                  1.473,                0.00333,                      1,                0.31453,                0.11065,                0.84889,                 3.2324,                 1.2713,                 0.0874,                 0.0014,                 0.0014
                      1,                0.64646,                 2.3577,                 1.1774,                0.00333,                      1,                0.60508,                0.30387,                0.28661,                 2.9887,                0.80486,               0.073886,              0.0028856,              0.0028856
                      2,                 0.4916,                 1.9539,                  1.097,                0.00333,                      1,                0.79301,                0.50763,                0.32071,                 2.9112,                0.79321,               0.060356,              0.0043564,              0.0043564
                      3,                0.44215,                 1.5126,                 1.0625,                0.50902,                0.35484,                0.43953,                0.35977,                0.47489,                 2.7601,                0.96667,               0.046812,              0.0058124,              0.0058124
                      4,                0.52969,                 1.2403,                 1.0684,                0.32879,                0.67742,                0.44882,                0.36861,                0.84942,                 2.9012,                 1.2749,               0.033253,              0.0072535,              0.0072535
                      5,                0.51613,                 1.1535,                 1.0938,                0.85226,                0.74441,                 0.9198,                0.84509,                0.52607,                 2.3694,                0.94751,                0.01968,              0.0086797,              0.0086797
                      6,                0.52469,                 1.1402,                 1.0153,                0.49537,                0.70968,                0.62523,                0.61377,                0.79803,                 3.5496,                 1.2453,               0.009703,               0.009703,               0.009703
                      7,                 0.5851,                 1.0981,                 1.0803,                0.32817,                0.90323,                0.39969,                0.29091,                0.79586,                 9.1563,                 1.1303,               0.009703,               0.009703,               0.009703
                      8,                 0.6136,                 1.1982,                 1.1029,                0.31205,                0.96774,                0.37241,                 0.2527,                0.79815,                 6.3818,                 1.0476,              0.0096535,              0.0096535,              0.0096535
                      9,                0.55032,                 1.1961,                 1.0863,                0.53341,                      1,                0.57635,                0.56244,                0.42672,                 2.8436,                0.83777,               0.009604,               0.009604,               0.009604
                     10,                0.51265,                 1.1012,                 1.0487,                0.51638,                0.99885,                  0.784,                0.75369,                0.48465,                 2.4869,                0.81746,              0.0095545,              0.0095545,              0.0095545
                     11,                 0.5845,                 1.0734,                 1.0789,                 0.8026,                0.96774,                 0.9138,                0.85553,                0.57083,                 1.5947,                0.86411,               0.009505,               0.009505,               0.009505
                     12,                0.55018,                 1.0557,                 1.0719,                0.37517,                0.58065,                0.43841,                0.40743,                0.47793,                 2.6912,                0.82785,              0.0094555,              0.0094555,              0.0094555
                     13,                0.54649,                0.97053,                 1.0198,                0.33458,                0.94081,                0.55754,                0.49086,                0.49875,                 2.7799,                0.86766,               0.009406,               0.009406,               0.009406
                     14,                0.60291,                  1.092,                   1.12,                 0.6052,                0.51613,                0.65586,                0.59131,                0.51053,                 2.3845,                0.84309,              0.0093565,              0.0093565,              0.0093565
                     15,                0.57084,                 1.1118,                 1.0945,                0.36766,                0.93548,                0.57356,                0.56256,                0.39485,                  2.847,                0.76258,               0.009307,               0.009307,               0.009307
                     16,                0.57665,                 1.0379,                 1.0821,                0.35047,                0.93548,                0.42871,                0.38078,                0.59629,                 3.9226,                0.97809,              0.0092575,              0.0092575,              0.0092575
                     17,                0.56262,                0.99946,                 1.0814,                0.37281,                0.96774,                 0.4382,                 0.3874,                0.74851,                 4.5874,                 1.0933,               0.009208,               0.009208,               0.009208
                     18,                0.50506,                0.92913,                 1.0629,                0.37231,                      1,                0.55386,                0.54175,                0.58623,                 4.4281,                0.92421,              0.0091585,              0.0091585,              0.0091585
                     19,                0.55745,                0.89304,                  1.044,                0.47063,                      1,                0.59176,                0.58771,                0.63605,                 3.5245,                 0.9989,               0.009109,               0.009109,               0.009109
                     20,                0.56649,                0.89031,                 1.0563,                0.47391,                0.87178,                0.67943,                0.62752,                0.77337,                 3.2151,                0.93401,              0.0090595,              0.0090595,              0.0090595
                     21,                0.54042,                0.92003,                 1.0643,                0.63858,                0.87097,                0.82924,                0.81694,                0.46839,                 2.2436,                 0.8415,                0.00901,                0.00901,                0.00901
                     22,                0.51839,                0.84745,                 1.0139,                0.62044,                0.79117,                0.74233,                0.73789,                0.45466,                 2.1693,                0.80827,              0.0089605,              0.0089605,              0.0089605
                     23,                0.50876,                0.84616,                 1.0256,                  0.579,                0.96774,                0.82406,                0.82286,                0.29532,                 2.0489,                 0.6733,               0.008911,               0.008911,               0.008911
                     24,                0.50549,                 0.9168,                 1.0207,                0.45614,                0.80645,                0.71998,                0.71278,                0.36715,                 2.2561,                0.75617,              0.0088615,              0.0088615,              0.0088615
                     25,                0.51043,                0.86755,                 1.0477,                0.39626,                0.95286,                0.46082,                0.43065,                0.38601,                 2.3853,                 0.7955,               0.008812,               0.008812,               0.008812
                     26,                0.47667,                0.82557,                 1.0304,                0.47141,                0.93548,                 0.8311,                0.82743,                 0.3224,                 2.0866,                0.73186,              0.0087625,              0.0087625,              0.0087625
                     27,                0.46526,                0.73453,                0.98581,                0.44981,                0.93548,                0.86801,                0.84873,                0.34229,                 2.4723,                0.66782,               0.008713,               0.008713,               0.008713
                     28,                0.48412,                0.74216,                 1.0016,                0.58184,                0.80794,                0.85243,                0.77256,                0.45638,                 2.3044,                0.79176,              0.0086635,              0.0086635,              0.0086635
                     29,                0.49493,                0.74315,                 1.0266,                0.60444,                0.74194,                0.83286,                0.79944,                  0.406,                  2.286,                0.73268,               0.008614,               0.008614,               0.008614
                     30,                 0.4677,                0.78004,                  1.009,                0.66001,                0.93938,                0.87307,                0.76688,                0.56642,                 1.9492,                 0.8209,              0.0085645,              0.0085645,              0.0085645
                     31,                0.49538,                 0.7311,                 1.0464,                0.63169,                0.93548,                 0.8161,                0.78511,                0.40077,                 1.8841,                0.72726,               0.008515,               0.008515,               0.008515
                     32,                0.48824,                0.75969,                 1.0104,                0.58563,                0.96774,                 0.7327,                0.72829,                0.33668,                 2.0307,                0.71587,              0.0084655,              0.0084655,              0.0084655
                     33,                0.47295,                0.76181,                 1.0444,                0.52727,                0.93548,                0.76348,                0.74255,                 0.3962,                 2.0225,                0.75174,               0.008416,               0.008416,               0.008416
                     34,                0.47905,                0.71315,                 1.0169,                0.54801,                0.93873,                0.71623,                0.67079,                0.41889,                 1.8113,                0.77199,              0.0083665,              0.0083665,              0.0083665
                     35,                0.46656,                0.65552,                0.98719,                0.49351,                0.77419,                0.68248,                0.64731,                0.45612,                 1.7996,                0.79187,               0.008317,               0.008317,               0.008317
                     36,                0.48264,                0.66074,                 1.0276,                 0.6889,                0.87097,                0.77394,                 0.7361,                0.45865,                 1.5454,                0.77554,              0.0082675,              0.0082675,              0.0082675
                     37,                0.49629,                0.68734,                 1.0284,                 0.7222,                0.92269,                0.90989,                0.89681,                0.34699,                 1.1848,                0.71218,               0.008218,               0.008218,               0.008218
                     38,                0.45501,                0.71462,                   1.01,                0.99727,                      1,                  0.995,                0.94775,                 0.3731,                0.66086,                0.75644,              0.0081685,              0.0081685,              0.0081685
                     39,                0.46942,                0.65589,                 1.0142,                 0.9633,                      1,                0.99406,                0.86813,                0.49696,                0.75776,                0.86503,               0.008119,               0.008119,               0.008119
                     40,                0.45488,                0.67223,                 1.0143,                0.66078,                0.93548,                0.87814,                0.84661,                0.43567,                 1.4329,                0.85451,              0.0080695,              0.0080695,              0.0080695
                     41,                0.44562,                 0.6104,                0.97962,                0.54042,                0.93548,                0.73177,                0.72295,                 0.4032,                  1.507,                0.73284,                0.00802,                0.00802,                0.00802
                     42,                0.45189,                0.62058,                 0.9792,                      1,                0.99277,                  0.995,                  0.995,                0.33308,                 1.0712,                0.67208,              0.0079705,              0.0079705,              0.0079705
                     43,                0.44975,                0.58097,                 1.0033,                0.92043,                0.87097,                0.95444,                0.94953,                0.34951,                 1.2225,                0.69594,               0.007921,               0.007921,               0.007921
                     44,                0.43951,                0.56629,                0.98094,                0.48681,                0.93548,                0.71458,                0.70242,                0.40481,                 1.5244,                0.80766,              0.0078715,              0.0078715,              0.0078715
                     45,                0.42776,                0.56456,                0.99152,                0.58582,                0.91266,                0.83154,                0.76817,                0.48089,                 1.5768,                 0.8476,               0.007822,               0.007822,               0.007822
                     46,                0.45023,                0.65244,                  1.016,                0.93646,                      1,                0.99125,                0.91987,                0.54028,                   1.12,                0.90773,              0.0077725,              0.0077725,              0.0077725
                     47,                0.46675,                0.61813,                  1.009,                0.95831,                      1,                  0.995,                0.94732,                0.41393,                0.87468,                0.74902,               0.007723,               0.007723,               0.007723
                     48,                0.40605,                0.56734,                 0.9485,                0.53055,                  0.948,                0.64686,                0.62964,                0.32649,                 1.2567,                0.68464,              0.0076735,              0.0076735,              0.0076735
                     49,                0.43209,                0.55581,                0.98697,                0.59378,                      1,                0.79801,                0.76749,                0.34541,                0.97071,                0.73261,               0.007624,               0.007624,               0.007624
                     50,                 0.4065,                0.56839,                0.96525,                0.74898,                0.80645,                0.86964,                0.83833,                0.42156,                0.96206,                0.81949,              0.0075745,              0.0075745,              0.0075745
                     51,                0.43161,                0.56691,                0.97006,                0.93313,                      1,                0.99125,                0.97915,                0.43808,                0.67521,                0.85819,               0.007525,               0.007525,               0.007525
                     52,                 0.4063,                0.55483,                0.96025,                0.99533,                      1,                  0.995,                0.95841,                0.34125,                0.49979,                0.71975,              0.0074755,              0.0074755,              0.0074755
                     53,                0.42404,                0.53831,                0.99027,                0.99496,                      1,                  0.995,                0.97437,                0.30994,                0.42559,                0.70936,               0.007426,               0.007426,               0.007426
                     54,                0.37822,                0.49574,                0.96579,                0.99604,                      1,                  0.995,                0.95394,                0.36435,                0.51336,                0.75389,              0.0073765,              0.0073765,              0.0073765
                     55,                0.44011,                0.52951,                0.99778,                0.99804,                      1,                  0.995,                0.97191,                0.30445,                0.37175,                0.71212,               0.007327,               0.007327,               0.007327
                     56,                0.40599,                 0.5191,                  0.967,                0.99688,                      1,                  0.995,                0.96952,                0.35646,                0.42931,                0.72206,              0.0072775,              0.0072775,              0.0072775
                     57,                0.37016,                0.50328,                0.96485,                0.76832,                0.96291,                0.97044,                0.97044,                 0.3037,                 1.2585,                0.68507,               0.007228,               0.007228,               0.007228
                     58,                0.41216,                0.52258,                0.99213,                0.84104,                0.90323,                0.97203,                0.97203,                 0.2987,                 1.2093,                0.68932,              0.0071785,              0.0071785,              0.0071785
                     59,                0.40546,                0.50339,                0.96499,                0.76913,                0.96774,                 0.9353,                0.93109,                0.32477,                 1.0922,                0.68414,               0.007129,               0.007129,               0.007129
                     60,                0.41138,                0.50858,                0.94453,                  0.998,                      1,                  0.995,                0.97715,                0.35168,                0.40935,                0.71888,              0.0070795,              0.0070795,              0.0070795
                     61,                0.39085,                0.53769,                0.96181,                0.99802,                      1,                  0.995,                0.99213,                0.31317,                  0.416,                0.71692,                0.00703,                0.00703,                0.00703
                     62,                0.42103,                0.52662,                 1.0064,                0.88721,                0.93548,                0.95847,                0.93463,                0.31672,                 1.1489,                0.70131,              0.0069805,              0.0069805,              0.0069805
                     63,                0.36566,                0.47109,                0.96552,                0.65664,                0.77419,                0.86368,                0.85956,                0.34256,                 1.2988,                 0.7416,               0.006931,               0.006931,               0.006931
                     64,                0.35457,                0.47667,                0.96434,                0.76606,                0.87097,                0.94003,                 0.9219,                0.32987,                 1.3146,                0.67527,              0.0068815,              0.0068815,              0.0068815
                     65,                0.40033,                0.47419,                0.96636,                0.80838,                0.83871,                 0.9245,                0.92027,                0.34676,                 1.4211,                0.70805,               0.006832,               0.006832,               0.006832
                     66,                0.39903,                0.49887,                0.96177,                0.78707,                0.90323,                0.94648,                0.94648,                0.49592,                 1.4347,                0.81651,              0.0067825,              0.0067825,              0.0067825
                     67,                0.35319,                0.44483,                 0.9301,                0.71644,                0.96774,                0.95913,                0.95913,                0.41524,                 1.4906,                0.74808,               0.006733,               0.006733,               0.006733
                     68,                0.38211,                0.48698,                0.95527,                0.83922,                0.93548,                0.96427,                0.96427,                0.29162,                 1.2355,                0.67404,              0.0066835,              0.0066835,              0.0066835
                     69,                0.39907,                0.45437,                0.95776,                0.85135,                0.92397,                0.96808,                0.96359,                0.34997,                 1.2902,                0.70757,               0.006634,               0.006634,               0.006634
                     70,                0.37523,                0.47379,                0.93468,                0.85591,                0.95827,                  0.982,                  0.982,                0.33684,                 1.1446,                0.72847,              0.0065845,              0.0065845,              0.0065845
                     71,                0.36768,                0.54456,                0.94959,                0.99517,                      1,                  0.995,                 0.9908,                0.36035,                0.43052,                0.76223,               0.006535,               0.006535,               0.006535
                     72,                0.39235,                0.43954,                0.97363,                0.99749,                      1,                  0.995,                0.97519,                0.37724,                0.41557,                0.75278,              0.0064855,              0.0064855,              0.0064855
                     73,                0.38795,                0.47441,                 0.9565,                0.99714,                      1,                  0.995,                0.99161,                0.32377,                0.39766,                0.73388,               0.006436,               0.006436,               0.006436
                     74,                0.42244,                0.50083,                0.97441,                0.99633,                      1,                  0.995,                0.99109,                0.33846,                0.40041,                0.71743,              0.0063865,              0.0063865,              0.0063865
                     75,                0.37014,                0.46178,                0.94882,                 0.9978,                      1,                  0.995,                0.98148,                0.30463,                0.36265,                0.69454,               0.006337,               0.006337,               0.006337
                     76,                0.31469,                0.42131,                0.90862,                0.99887,                      1,                  0.995,                0.97755,                0.31343,                0.38624,                0.68403,              0.0062875,              0.0062875,              0.0062875
                     77,                0.36343,                0.44912,                0.94351,                0.99834,                      1,                  0.995,                0.98593,                0.28308,                0.36913,                0.68397,               0.006238,               0.006238,               0.006238
                     78,                  0.361,                0.43414,                0.93279,                 0.9982,                      1,                  0.995,                0.98038,                0.29198,                0.37501,                0.69419,              0.0061885,              0.0061885,              0.0061885
                     79,                0.32523,                0.40858,                0.90068,                0.99764,                      1,                  0.995,                0.98716,                0.30476,                0.39965,                0.70348,               0.006139,               0.006139,               0.006139
                     80,                0.37058,                0.49076,                0.96862,                0.99823,                      1,                  0.995,                  0.995,                0.28871,                0.38418,                0.68712,              0.0060895,              0.0060895,              0.0060895
                     81,                0.33322,                0.40058,                0.94979,                0.99841,                      1,                  0.995,                  0.995,                0.24698,                0.35231,                 0.6453,                0.00604,                0.00604,                0.00604
                     82,                0.34012,                0.41202,                0.94794,                0.99789,                      1,                  0.995,                  0.995,                0.25652,                0.35912,                0.66594,              0.0059905,              0.0059905,              0.0059905
                     83,                 0.3301,                0.42107,                0.95042,                0.99794,                      1,                  0.995,                  0.995,                0.28509,                0.32513,                0.71444,               0.005941,               0.005941,               0.005941
                     84,                0.33553,                0.43417,                0.92329,                0.99688,                      1,                  0.995,                0.98291,                0.29252,                0.34412,                0.72648,              0.0058915,              0.0058915,              0.0058915
                     85,                0.36157,                0.41324,                0.93446,                0.99656,                      1,                  0.995,                0.98114,                0.31355,                0.34111,                0.73579,               0.005842,               0.005842,               0.005842
                     86,                0.33676,                0.41937,                0.91621,                0.96008,                0.96774,                0.98851,                0.98502,                0.30392,                0.52465,                0.70821,              0.0057925,              0.0057925,              0.0057925
                     87,                0.33403,                0.43807,                0.92499,                0.96673,                      1,                0.99406,                0.97466,                0.30008,                0.35528,                 0.7243,               0.005743,               0.005743,               0.005743
                     88,                0.34217,                0.41228,                0.94225,                0.98573,                      1,                  0.995,                 0.9762,                0.31039,                0.35577,                0.68927,              0.0056935,              0.0056935,              0.0056935
                     89,                0.32192,                 0.4008,                0.91508,                0.99726,                      1,                  0.995,                0.98509,                0.27732,                0.35685,                0.63966,               0.005644,               0.005644,               0.005644
                     90,                 0.3401,                0.40183,                0.94222,                0.99797,                      1,                  0.995,                  0.995,                0.23633,                0.35805,                0.61856,              0.0055945,              0.0055945,              0.0055945
                     91,                0.33538,                0.39398,                 0.9179,                0.99566,                      1,                  0.995,                  0.995,                0.21497,                0.32906,                0.61995,               0.005545,               0.005545,               0.005545
                     92,                0.32181,                 0.3799,                0.92472,                0.99656,                      1,                  0.995,                  0.995,                0.23572,                0.33819,                0.63933,              0.0054955,              0.0054955,              0.0054955
                     93,                0.29607,                0.38294,                0.92322,                0.99276,                      1,                  0.995,                0.98611,                0.24845,                0.33422,                0.63909,               0.005446,               0.005446,               0.005446
                     94,                 0.2914,                0.37429,                0.92616,                0.99407,                      1,                  0.995,                0.99162,                0.24106,                0.33987,                0.62333,              0.0053965,              0.0053965,              0.0053965
                     95,                0.31393,                0.35944,                 0.9427,                0.99645,                      1,                  0.995,                0.98873,                0.25431,                0.36346,                0.64252,               0.005347,               0.005347,               0.005347
                     96,                0.30191,                0.38677,                0.91144,                0.99192,                      1,                  0.995,                0.94302,                0.34165,                 0.5532,                0.75185,              0.0052975,              0.0052975,              0.0052975
                     97,                 0.3242,                0.37954,                0.92335,                0.99021,                      1,                  0.995,                0.95564,                0.31346,                0.71883,                0.73879,               0.005248,               0.005248,               0.005248
                     98,                0.27677,                0.39054,                0.89156,                0.90544,                0.92686,                0.97082,                0.96173,                0.30162,                 1.0468,                0.71755,              0.0051985,              0.0051985,              0.0051985
                     99,                0.29718,                0.38612,                0.92802,                0.74868,                0.90323,                0.90995,                0.90685,                0.27513,                 1.4665,                0.69424,               0.005149,               0.005149,               0.005149
                    100,                0.30559,                0.35025,                0.95673,                0.72752,                0.90323,                0.93404,                0.93404,                0.28173,                 1.5569,                0.67092,              0.0050995,              0.0050995,              0.0050995
                    101,                0.30243,                 0.3615,                0.93013,                      1,                0.99746,                  0.995,                  0.995,                0.23738,                0.59887,                 0.6613,                0.00505,                0.00505,                0.00505
                    102,                0.28878,                0.37535,                0.91155,                0.98572,                      1,                  0.995,                  0.995,                0.23489,                0.56078,                0.65164,              0.0050005,              0.0050005,              0.0050005
                    103,                0.27984,                0.38417,                0.92077,                0.98505,                      1,                  0.995,                  0.995,                0.24362,                0.45948,                0.65881,               0.004951,               0.004951,               0.004951
                    104,                0.26196,                0.34199,                0.88934,                0.80487,                      1,                0.99318,                0.99318,                0.24588,                 1.4627,                0.66226,              0.0049015,              0.0049015,              0.0049015
                    105,                0.27739,                0.34551,                0.90162,                 0.9821,                      1,                  0.995,                  0.995,                0.25144,                0.39765,                 0.6666,               0.004852,               0.004852,               0.004852
                    106,                0.30206,                0.36422,                0.94255,                0.99488,                      1,                  0.995,                  0.995,                 0.2467,                0.33708,                0.65728,              0.0048025,              0.0048025,              0.0048025
                    107,                0.27465,                 0.3537,                0.91352,                0.99786,                      1,                  0.995,                  0.995,                 0.2424,                0.29225,                0.63367,               0.004753,               0.004753,               0.004753
                    108,                0.27444,                0.34319,                0.90402,                0.99819,                      1,                  0.995,                  0.995,                0.24819,                 0.2854,                0.63694,              0.0047035,              0.0047035,              0.0047035
                    109,                 0.2873,                0.36238,                0.90796,                0.99788,                      1,                  0.995,                  0.995,                0.21159,                0.26747,                 0.6303,               0.004654,               0.004654,               0.004654
                    110,                0.24789,                0.30321,                0.90014,                0.99393,                      1,                  0.995,                  0.995,                0.22426,                0.33827,                0.64515,              0.0046045,              0.0046045,              0.0046045
                    111,                0.26571,                0.31932,                 0.8888,                0.98597,                      1,                  0.995,                  0.995,                0.23555,                0.50542,                0.65773,               0.004555,               0.004555,               0.004555
                    112,                0.27277,                0.34816,                0.90828,                0.80476,                0.96774,                0.98581,                0.98581,                0.22047,                 1.4454,                0.63844,              0.0045055,              0.0045055,              0.0045055
                    113,                0.26129,                0.34401,                0.92323,                0.80112,                      1,                0.98777,                0.98777,                0.21258,                 1.4476,                0.62238,               0.004456,               0.004456,               0.004456
                    114,                0.27759,                0.34537,                 0.9011,                0.95773,                      1,                  0.995,                  0.995,                0.20614,                 1.1698,                0.61738,              0.0044065,              0.0044065,              0.0044065
                    115,                0.25629,                0.32006,                0.89424,                0.99115,                      1,                  0.995,                  0.995,                0.21491,                0.34667,                0.64066,               0.004357,               0.004357,               0.004357
                    116,                0.26222,                0.32952,                0.92387,                0.99796,                      1,                  0.995,                  0.995,                0.20178,                0.28245,                0.63514,              0.0043075,              0.0043075,              0.0043075
                    117,                0.24644,                 0.3122,                0.92135,                0.99822,                      1,                  0.995,                  0.995,                0.22849,                0.28598,                0.62906,               0.004258,               0.004258,               0.004258
                    118,                0.24174,                0.32714,                0.92119,                0.99795,                      1,                  0.995,                  0.995,                0.18958,                0.25967,                0.61908,              0.0042085,              0.0042085,              0.0042085
                    119,                0.24545,                 0.3104,                0.90324,                0.99833,                      1,                  0.995,                  0.995,                0.20998,                0.26271,                0.63425,               0.004159,               0.004159,               0.004159
                    120,                0.24163,                 0.3052,                0.90545,                 0.9983,                      1,                  0.995,                  0.995,                0.21941,                0.26021,                0.65324,              0.0041095,              0.0041095,              0.0041095
                    121,                0.25543,                 0.3092,                0.93197,                0.99837,                      1,                  0.995,                  0.995,                0.23665,                0.27332,                0.66605,                0.00406,                0.00406,                0.00406
                    122,                0.27456,                0.35625,                0.91461,                 0.9983,                      1,                  0.995,                  0.995,                 0.2692,                0.26723,                0.67483,              0.0040105,              0.0040105,              0.0040105
                    123,                0.25878,                0.33796,                0.90187,                0.99825,                      1,                  0.995,                  0.995,                0.25666,                0.26983,                0.66951,               0.003961,               0.003961,               0.003961
                    124,                0.27009,                0.33834,                0.92325,                0.99836,                      1,                  0.995,                  0.995,                0.23481,                0.28756,                0.65982,              0.0039115,              0.0039115,              0.0039115
                    125,                0.23609,                0.34752,                0.92275,                0.99821,                      1,                  0.995,                  0.995,                0.25894,                0.28733,                0.66253,               0.003862,               0.003862,               0.003862
                    126,                0.24102,                0.31949,                 0.8936,                0.99839,                      1,                  0.995,                  0.995,                0.23487,                0.30001,                0.64869,              0.0038125,              0.0038125,              0.0038125
                    127,                0.24109,                0.30814,                0.90596,                0.99788,                      1,                  0.995,                  0.995,                 0.2173,                0.28594,                0.63579,               0.003763,               0.003763,               0.003763
                    128,                0.26448,                 0.3298,                0.90789,                0.99939,                      1,                  0.995,                  0.995,                0.21987,                0.46215,                0.64465,              0.0037135,              0.0037135,              0.0037135
                    129,                0.25763,                0.32344,                0.93222,                0.99743,                      1,                  0.995,                0.99053,                0.20941,                0.27804,                0.62506,               0.003664,               0.003664,               0.003664
                    130,                  0.243,                0.31816,                 0.9139,                0.99665,                      1,                  0.995,                  0.995,                0.19165,                0.25294,                0.61625,              0.0036145,              0.0036145,              0.0036145
                    131,                0.24625,                0.31471,                0.89834,                0.99752,                      1,                  0.995,                  0.995,                0.19665,                0.25598,                0.60911,               0.003565,               0.003565,               0.003565
                    132,                0.24303,                0.31698,                0.90828,                0.99778,                      1,                  0.995,                  0.995,                0.19598,                0.25831,                0.60786,              0.0035155,              0.0035155,              0.0035155
                    133,                0.21693,                0.31289,                 0.8718,                0.99801,                      1,                  0.995,                  0.995,                0.19451,                0.26594,                0.61056,               0.003466,               0.003466,               0.003466
                    134,                0.22086,                0.29624,                0.88439,                0.99836,                      1,                  0.995,                  0.995,                0.19395,                 0.2596,                0.61444,              0.0034165,              0.0034165,              0.0034165
                    135,                0.22678,                0.30229,                0.89209,                0.99834,                      1,                  0.995,                  0.995,                 0.1928,                0.25233,                0.61602,               0.003367,               0.003367,               0.003367
                    136,                0.23953,                0.30879,                0.89191,                0.99827,                      1,                  0.995,                  0.995,                0.21758,                 0.2676,                0.63158,              0.0033175,              0.0033175,              0.0033175
                    137,                0.24391,                0.35491,                0.91396,                0.99761,                      1,                  0.995,                  0.995,                0.21182,                0.30089,                 0.6364,               0.003268,               0.003268,               0.003268
                    138,                0.21757,                 0.2974,                0.87901,                0.99686,                      1,                  0.995,                  0.995,                0.21728,                0.35292,                0.64459,              0.0032185,              0.0032185,              0.0032185
                    139,                0.21612,                0.27547,                0.87588,                0.99732,                      1,                  0.995,                  0.995,                0.23137,                0.33592,                0.65645,               0.003169,               0.003169,               0.003169
                    140,                0.22114,                0.29658,                0.87416,                 0.9969,                      1,                  0.995,                  0.995,                0.22423,                0.34561,                 0.6494,              0.0031195,              0.0031195,              0.0031195
                    141,                0.23256,                0.30867,                0.88783,                0.99677,                      1,                  0.995,                  0.995,                0.21344,                0.30049,                0.62816,                0.00307,                0.00307,                0.00307
                    142,                0.22737,                0.30736,                 0.8818,                0.99699,                      1,                  0.995,                  0.995,                0.19162,                0.29621,                0.60686,              0.0030205,              0.0030205,              0.0030205
                    143,                0.22492,                0.29011,                0.90851,                0.99802,                      1,                  0.995,                  0.995,                0.18381,                0.27878,                0.59926,               0.002971,               0.002971,               0.002971
                    144,                0.22067,                0.27423,                0.89351,                0.99839,                      1,                  0.995,                  0.995,                0.18585,                  0.271,                0.59422,              0.0029215,              0.0029215,              0.0029215
                    145,                0.21742,                0.26424,                0.88022,                0.99837,                      1,                  0.995,                0.99171,                0.19193,                0.30019,                0.58702,               0.002872,               0.002872,               0.002872
                    146,                0.22734,                0.28262,                0.88042,                0.99842,                      1,                  0.995,                  0.995,                0.17187,                0.28161,                0.58245,              0.0028225,              0.0028225,              0.0028225
                    147,                0.19815,                 0.2632,                 0.8919,                0.99822,                      1,                  0.995,                  0.995,                 0.1719,                0.25392,                0.58613,               0.002773,               0.002773,               0.002773
                    148,                0.20597,                0.27937,                 0.8759,                0.99666,                      1,                  0.995,                  0.995,                0.19327,                0.27513,                0.60384,              0.0027235,              0.0027235,              0.0027235
                    149,                0.18792,                0.26266,                0.87586,                0.96862,                      1,                  0.995,                0.99462,                0.20002,                0.27798,                0.60777,               0.002674,               0.002674,               0.002674
                    150,                0.18005,                0.25764,                 0.8952,                 0.9921,                      1,                  0.995,                0.99406,                0.18264,                0.25991,                0.60002,              0.0026245,              0.0026245,              0.0026245
                    151,                0.20141,                0.26915,                0.87557,                0.99751,                      1,                  0.995,                0.99125,                0.19797,                0.27898,                0.62161,               0.002575,               0.002575,               0.002575
                    152,                0.20034,                0.26978,                0.88191,                0.99108,                      1,                  0.995,                0.99387,                0.19899,                0.28658,                0.61868,              0.0025255,              0.0025255,              0.0025255
                    153,                0.17334,                0.26653,                0.87201,                0.98744,                      1,                  0.995,                  0.995,                0.20559,                0.27609,                0.62568,               0.002476,               0.002476,               0.002476
                    154,                0.19257,                0.26929,                0.89211,                0.99168,                      1,                  0.995,                  0.995,                0.20389,                0.27317,                0.63106,              0.0024265,              0.0024265,              0.0024265
                    155,                0.18511,                0.25807,                 0.8929,                0.99803,                      1,                  0.995,                  0.995,                0.19518,                0.25508,                0.62866,               0.002377,               0.002377,               0.002377
                    156,                0.18188,                0.25418,                0.87085,                0.99833,                      1,                  0.995,                  0.995,                0.20144,                0.24866,                0.63182,              0.0023275,              0.0023275,              0.0023275
                    157,                0.19684,                0.25923,                0.87035,                0.99835,                      1,                  0.995,                  0.995,                0.19334,                0.24317,                0.63115,               0.002278,               0.002278,               0.002278
                    158,                 0.2137,                 0.2753,                0.89934,                0.99835,                      1,                  0.995,                  0.995,                0.19576,                0.23762,                0.62683,              0.0022285,              0.0022285,              0.0022285
                    159,                0.17996,                0.25695,                 0.8945,                0.99835,                      1,                  0.995,                  0.995,                0.19153,                0.22494,                0.62158,               0.002179,               0.002179,               0.002179
                    160,                0.18573,                0.25931,                0.88214,                0.99824,                      1,                  0.995,                  0.995,                0.19983,                0.22842,                0.61795,              0.0021295,              0.0021295,              0.0021295
                    161,                0.17516,                0.23649,                0.87617,                0.99816,                      1,                  0.995,                  0.995,                0.17443,                0.22623,                0.60765,                0.00208,                0.00208,                0.00208
                    162,                0.18177,                0.27542,                0.89136,                0.99807,                      1,                  0.995,                  0.995,                0.16875,                0.22909,                0.59856,              0.0020305,              0.0020305,              0.0020305
                    163,                0.18023,                0.23953,                0.86477,                0.99795,                      1,                  0.995,                  0.995,                0.17626,                0.23061,                0.60229,               0.001981,               0.001981,               0.001981
                    164,                0.18677,                 0.2779,                0.88434,                0.99801,                      1,                  0.995,                  0.995,                0.16897,                0.23428,                0.60331,              0.0019315,              0.0019315,              0.0019315
                    165,                 0.1783,                0.23771,                0.87769,                0.99803,                      1,                  0.995,                  0.995,                0.17291,                0.23997,                0.60659,               0.001882,               0.001882,               0.001882
                    166,                0.16167,                0.23634,                0.87469,                0.99815,                      1,                  0.995,                0.98049,                0.18657,                0.25753,                0.61169,              0.0018325,              0.0018325,              0.0018325
                    167,                0.19896,                0.26709,                0.90242,                0.99819,                      1,                  0.995,                0.98004,                 0.1799,                0.26106,                 0.6153,               0.001783,               0.001783,               0.001783
                    168,                0.17329,                 0.2479,                0.88794,                0.99815,                      1,                  0.995,                0.97636,                0.18927,                0.27727,                0.62261,              0.0017335,              0.0017335,              0.0017335
                    169,                0.18932,                 0.2337,                0.87948,                0.99804,                      1,                  0.995,                 0.9806,                0.18202,                0.27598,                0.61212,               0.001684,               0.001684,               0.001684
                    170,                 0.1564,                0.23614,                0.87719,                0.99816,                      1,                  0.995,                  0.995,                0.18065,                0.26869,                0.60833,              0.0016345,              0.0016345,              0.0016345
                    171,                0.19211,                0.29657,                0.90795,                0.99824,                      1,                  0.995,                0.98716,                0.17886,                0.26394,                0.60971,               0.001585,               0.001585,               0.001585
                    172,                0.16372,                 0.2449,                0.86909,                0.99823,                      1,                  0.995,                  0.995,                0.17997,                0.25413,                0.61356,              0.0015355,              0.0015355,              0.0015355
                    173,                0.17999,                0.29871,                0.88378,                0.99829,                      1,                  0.995,                  0.995,                0.17514,                0.23275,                0.61103,               0.001486,               0.001486,               0.001486
                    174,                0.15577,                0.25094,                0.85178,                0.99831,                      1,                  0.995,                  0.995,                0.17928,                0.23442,                0.61341,              0.0014365,              0.0014365,              0.0014365
                    175,                0.16049,                0.22956,                0.87472,                0.99834,                      1,                  0.995,                  0.995,                0.18158,                0.22291,                0.61462,               0.001387,               0.001387,               0.001387
                    176,                0.17414,                 0.2437,                0.91132,                0.99833,                      1,                  0.995,                  0.995,                0.18223,                0.22216,                0.61718,              0.0013375,              0.0013375,              0.0013375
                    177,                0.15992,                0.23476,                0.89989,                0.99834,                      1,                  0.995,                  0.995,                0.18057,                 0.2285,                0.61612,               0.001288,               0.001288,               0.001288
                    178,                 0.1782,                 0.2529,                0.90725,                0.99839,                      1,                  0.995,                  0.995,                 0.1773,                0.22024,                0.61511,              0.0012385,              0.0012385,              0.0012385
                    179,                0.15333,                0.23679,                0.88466,                0.99837,                      1,                  0.995,                  0.995,                0.17485,                0.22292,                0.61418,               0.001189,               0.001189,               0.001189
                    180,                0.14986,                0.21436,                 0.8437,                0.99837,                      1,                  0.995,                  0.995,                0.16788,                0.21469,                0.61028,              0.0011395,              0.0011395,              0.0011395
                    181,                0.17955,                0.24714,                0.88623,                 0.9984,                      1,                  0.995,                  0.995,                0.16627,                0.21225,                0.60802,                0.00109,                0.00109,                0.00109
                    182,                0.17306,                 0.2473,                0.89722,                 0.9984,                      1,                  0.995,                  0.995,                0.15981,                0.21554,                0.59999,              0.0010405,              0.0010405,              0.0010405
                    183,                 0.1602,                0.22163,                0.88241,                0.99838,                      1,                  0.995,                  0.995,                0.16249,                0.22073,                0.60199,               0.000991,               0.000991,               0.000991
                    184,                 0.1671,                0.24121,                0.87828,                0.99838,                      1,                  0.995,                  0.995,                0.15366,                 0.2189,                0.59542,              0.0009415,              0.0009415,              0.0009415
                    185,                0.14104,                 0.1985,                 0.8753,                0.99835,                      1,                  0.995,                  0.995,                0.15254,                0.21405,                0.59062,               0.000892,               0.000892,               0.000892
                    186,                0.15505,                0.21364,                0.87747,                0.99837,                      1,                  0.995,                  0.995,                0.14635,                0.21183,                0.58673,              0.0008425,              0.0008425,              0.0008425
                    187,                0.15179,                0.24646,                 0.8697,                0.99838,                      1,                  0.995,                  0.995,                0.14751,                0.21952,                 0.5873,               0.000793,               0.000793,               0.000793
                    188,                0.14571,                0.25788,                0.89528,                0.99838,                      1,                  0.995,                  0.995,                0.15185,                0.21944,                0.58842,              0.0007435,              0.0007435,              0.0007435
                    189,                0.14014,                0.20531,                0.86488,                0.99838,                      1,                  0.995,                  0.995,                0.15549,                0.22154,                0.59198,               0.000694,               0.000694,               0.000694
                    190,                0.13642,                0.21734,                 0.8679,                0.99838,                      1,                  0.995,                  0.995,                0.15788,                0.21911,                0.59137,              0.0006445,              0.0006445,              0.0006445
                    191,                 0.1581,                0.22829,                0.88202,                0.99838,                      1,                  0.995,                  0.995,                0.15515,                0.21264,                0.58945,               0.000595,               0.000595,               0.000595
                    192,                0.14838,                 0.2224,                0.88107,                0.99836,                      1,                  0.995,                  0.995,                0.15558,                 0.2167,                0.59348,              0.0005455,              0.0005455,              0.0005455
                    193,                0.15561,                0.25093,                0.88799,                0.99836,                      1,                  0.995,                  0.995,                0.16045,                0.21915,                0.59688,               0.000496,               0.000496,               0.000496
                    194,                0.15678,                0.21083,                0.86935,                0.99836,                      1,                  0.995,                  0.995,                0.15785,                  0.224,                 0.5971,              0.0004465,              0.0004465,              0.0004465
                    195,                0.14476,                0.23504,                0.89275,                0.99837,                      1,                  0.995,                  0.995,                0.15618,                0.22344,                0.59534,               0.000397,               0.000397,               0.000397
                    196,                0.13678,                0.21612,                0.86696,                0.99836,                      1,                  0.995,                  0.995,                 0.1565,                0.22676,                0.59615,              0.0003475,              0.0003475,              0.0003475
                    197,                0.13596,                0.21575,                0.87424,                0.99836,                      1,                  0.995,                  0.995,                0.15637,                0.22515,                0.59472,               0.000298,               0.000298,               0.000298
                    198,                0.13539,                0.21425,                0.86391,                0.99836,                      1,                  0.995,                  0.995,                 0.1566,                0.23021,                0.59485,              0.0002485,              0.0002485,              0.0002485
                    199,                0.13247,                0.19048,                0.86907,                0.99836,                      1,                  0.995,                  0.995,                0.15712,                0.22482,                0.59495,               0.000199,               0.000199,               0.000199
